{
  "vle_source": "theoretical",
  "theoretical_alpha": 4.0,
  "operating_lines": {
    "rectifying": {
      "m": 0.0,
      "b": 0.998,
      "eq": "y = 0.000000 x + 0.998000"
    },
    "stripping": {
      "m": 1.0498338870431894,
      "b": -0.002491694352159346,
      "eq": "y = 1.049834 x + -0.002492"
    },
    "equilibrium": {
      "m": null,
      "b": null,
      "eq": "y = 4.000000·x / [1 + (4.000000 - 1)·x]"
    },
    "q_intersection": {
      "xq": 0.953,
      "yq": 0.998
    }
  },
  "streams_basis_F": {
    "F": 1.0,
    "D": 0.9525316455696202,
    "B": 0.04746835443037978,
    "light": {
      "F": 0.953,
      "D": 0.950626582278481,
      "B": 0.002373417721518989
    },
    "heavy": {
      "F": 0.04700000000000004,
      "D": 0.001905063291139242,
      "B": 0.045094936708860785
    },
    "csv": "./results/2025-11-10_08-16-17/streams_table.csv"
  }
}