{
  "vle_source": "theoretical",
  "theoretical_alpha": 4.0,
  "operating_lines": {
    "rectifying": {
      "m": 0.3333333333333333,
      "b": 0.6653333333333333,
      "eq": "y = 0.333333 x + 0.665333"
    },
    "stripping": {
      "m": 1.03335074958943,
      "b": -0.0016675374794714592,
      "eq": "y = 1.033351 x + -0.001668"
    },
    "equilibrium": {
      "m": null,
      "b": null,
      "eq": "y = 4.000000·x / [1 + (4.000000 - 1)·x]"
    },
    "q_intersection": {
      "xq": 0.95283468,
      "yq": 0.9829448933333333
    }
  },
  "streams_basis_F": {
    "F": 1.0,
    "D": 0.9523572573839663,
    "B": 0.04764274261603374,
    "light": {
      "F": 0.95283468,
      "D": 0.9504525428691983,
      "B": 0.002382137130801687
    },
    "heavy": {
      "F": 0.047165319999999955,
      "D": 0.0019047145147679343,
      "B": 0.04526060548523205
    },
    "csv": "./results/2025-11-10_08-22-48/streams_table.csv"
  }
}