{
  "vle_source": "theoretical",
  "theoretical_alpha": 4.0,
  "operating_lines": {
    "rectifying": {
      "m": 0.37499999999999994,
      "b": 0.6237499999999999,
      "eq": "y = 0.375000 x + 0.623750"
    },
    "stripping": {
      "m": 1.0311461794019932,
      "b": -0.0015573089700996467,
      "eq": "y = 1.031146 x + -0.001557"
    },
    "equilibrium": {
      "m": null,
      "b": null,
      "eq": "y = 4.000000·x / [1 + (4.000000 - 1)·x]"
    },
    "q_intersection": {
      "xq": 0.953,
      "yq": 0.9811249999999998
    }
  },
  "streams_basis_F": {
    "F": 1.0,
    "D": 0.9525316455696202,
    "B": 0.04746835443037978,
    "light": {
      "F": 0.953,
      "D": 0.950626582278481,
      "B": 0.002373417721518989
    },
    "heavy": {
      "F": 0.04700000000000004,
      "D": 0.001905063291139242,
      "B": 0.045094936708860785
    },
    "csv": "./results/2025-11-10_09-28-12/streams_table.csv"
  }
}